-- phpMyAdmin SQL Dump
-- version 4.6.4
-- https://www.phpmyadmin.net/
--
-- Servidor: 127.0.0.1
-- Tiempo de generación: 12-05-2018 a las 05:22:47
-- Versión del servidor: 5.7.14
-- Versión de PHP: 5.6.25

SET SQL_MODE = "NO_AUTO_VALUE_ON_ZERO";
SET time_zone = "+00:00";


/*!40101 SET @OLD_CHARACTER_SET_CLIENT=@@CHARACTER_SET_CLIENT */;
/*!40101 SET @OLD_CHARACTER_SET_RESULTS=@@CHARACTER_SET_RESULTS */;
/*!40101 SET @OLD_COLLATION_CONNECTION=@@COLLATION_CONNECTION */;
/*!40101 SET NAMES utf8mb4 */;

--
-- Base de datos: `tiendarocio`
create database tiendarocio;
	use tiendarocio;
--

-- --------------------------------------------------------

--
-- Estructura de tabla para la tabla `box`
--

CREATE TABLE `box` (
  `id` int(11) NOT NULL,
  `created_at` datetime DEFAULT NULL
) ENGINE=MyISAM DEFAULT CHARSET=latin1;

--
-- Volcado de datos para la tabla `box`
--

INSERT INTO `box` (`id`, `created_at`) VALUES
(1, '2018-05-08 17:58:09');

-- --------------------------------------------------------

--
-- Estructura de tabla para la tabla `category`
--

CREATE TABLE `category` (
  `id` int(11) NOT NULL,
  `image` varchar(255) DEFAULT NULL,
  `name` varchar(50) DEFAULT NULL,
  `description` text,
  `created_at` datetime DEFAULT NULL
) ENGINE=MyISAM DEFAULT CHARSET=latin1;

--
-- Volcado de datos para la tabla `category`
--

INSERT INTO `category` (`id`, `image`, `name`, `description`, `created_at`) VALUES
(1, NULL, 'Carne', NULL, '2018-05-08 16:43:38'),
(2, NULL, 'Vegetales', NULL, '2018-05-08 16:43:42');

-- --------------------------------------------------------

--
-- Estructura de tabla para la tabla `configuration`
--

CREATE TABLE `configuration` (
  `id` int(11) NOT NULL,
  `short` varchar(255) DEFAULT NULL,
  `name` varchar(255) DEFAULT NULL,
  `kind` int(11) DEFAULT NULL,
  `val` varchar(255) DEFAULT NULL
) ENGINE=MyISAM DEFAULT CHARSET=latin1;

--
-- Volcado de datos para la tabla `configuration`
--

INSERT INTO `configuration` (`id`, `short`, `name`, `kind`, `val`) VALUES
(1, 'title', 'Titulo del Sistema', 2, 'Tienda Rocio'),
(2, 'use_image_product', 'Utilizar Imagenes en los productos', 1, '0'),
(3, 'active_clients', 'Activar clientes', 1, '0'),
(4, 'active_providers', 'Activar proveedores', 1, '0'),
(5, 'active_categories', 'Activar categorias', 1, '0'),
(6, 'active_reports_word', 'Activar reportes en Word', 1, '0'),
(7, 'active_reports_excel', 'Activar reportes en Excel', 1, '0'),
(8, 'active_reports_pdf', 'Activar reportes en PDF', 1, '0');

-- --------------------------------------------------------

--
-- Estructura de tabla para la tabla `operation`
--

CREATE TABLE `operation` (
  `id` int(11) NOT NULL,
  `product_id` int(11) DEFAULT NULL,
  `q` float DEFAULT NULL,
  `operation_type_id` int(11) DEFAULT NULL,
  `sell_id` int(11) DEFAULT NULL,
  `created_at` datetime DEFAULT NULL
) ENGINE=MyISAM DEFAULT CHARSET=latin1;

--
-- Volcado de datos para la tabla `operation`
--

INSERT INTO `operation` (`id`, `product_id`, `q`, `operation_type_id`, `sell_id`, `created_at`) VALUES
(1, 1, 20, 1, NULL, '2018-05-08 16:44:10'),
(2, 1, 1, 2, 1, '2018-05-08 17:01:49'),
(3, 1, 2, 2, 2, '2018-05-08 17:17:51'),
(4, 2, 20, 1, NULL, '2018-05-08 17:29:48'),
(5, 2, 2, 2, 3, '2018-05-08 17:30:05'),
(6, 1, 3, 1, 4, '2018-05-09 19:55:24'),
(7, 3, 10, 1, NULL, '2018-05-10 11:42:03'),
(8, 1, 2, 2, 5, '2018-05-11 14:23:58'),
(9, 4, 10, 1, NULL, '2018-05-11 14:26:53');

-- --------------------------------------------------------

--
-- Estructura de tabla para la tabla `operation_type`
--

CREATE TABLE `operation_type` (
  `id` int(11) NOT NULL,
  `name` varchar(50) DEFAULT NULL
) ENGINE=MyISAM DEFAULT CHARSET=latin1;

--
-- Volcado de datos para la tabla `operation_type`
--

INSERT INTO `operation_type` (`id`, `name`) VALUES
(1, 'entrada'),
(2, 'salida');

-- --------------------------------------------------------

--
-- Estructura de tabla para la tabla `person`
--

CREATE TABLE `person` (
  `id` int(11) NOT NULL,
  `image` varchar(255) DEFAULT NULL,
  `name` varchar(255) DEFAULT NULL,
  `lastname` varchar(50) DEFAULT NULL,
  `company` varchar(50) DEFAULT NULL,
  `address1` varchar(50) DEFAULT NULL,
  `address2` varchar(50) DEFAULT NULL,
  `phone1` varchar(50) DEFAULT NULL,
  `phone2` varchar(50) DEFAULT NULL,
  `email1` varchar(50) DEFAULT NULL,
  `email2` varchar(50) DEFAULT NULL,
  `kind` int(11) DEFAULT NULL,
  `created_at` datetime DEFAULT NULL
) ENGINE=MyISAM DEFAULT CHARSET=latin1;

--
-- Volcado de datos para la tabla `person`
--

INSERT INTO `person` (`id`, `image`, `name`, `lastname`, `company`, `address1`, `address2`, `phone1`, `phone2`, `email1`, `email2`, `kind`, `created_at`) VALUES
(1, NULL, 'Rigoberto', 'Menjivar', NULL, 'San Salvador', NULL, '75369542', NULL, 'gero@gmail.com', NULL, 1, '2018-05-08 16:43:15'),
(2, NULL, 'Fatima', 'Enriquez', NULL, 'Santo Tomas', NULL, '72364585', NULL, 'santo@gmail.com', NULL, 1, '2018-05-08 16:43:32');

-- --------------------------------------------------------

--
-- Estructura de tabla para la tabla `product`
--

CREATE TABLE `product` (
  `id` int(11) NOT NULL,
  `image` varchar(255) DEFAULT NULL,
  `barcode` varchar(50) DEFAULT NULL,
  `name` varchar(50) DEFAULT NULL,
  `description` text,
  `inventary_min` int(11) DEFAULT '10',
  `price_in` float DEFAULT NULL,
  `price_out` float DEFAULT NULL,
  `unit` varchar(255) DEFAULT NULL,
  `presentation` varchar(255) DEFAULT NULL,
  `user_id` int(11) DEFAULT NULL,
  `category_id` int(11) DEFAULT NULL,
  `created_at` datetime DEFAULT NULL,
  `is_active` tinyint(1) DEFAULT '1'
) ENGINE=MyISAM DEFAULT CHARSET=latin1;

--
-- Volcado de datos para la tabla `product`
--

INSERT INTO `product` (`id`, `image`, `barcode`, `name`, `description`, `inventary_min`, `price_in`, `price_out`, `unit`, `presentation`, `user_id`, `category_id`, `created_at`, `is_active`) VALUES
(1, NULL, '0001', 'Hueso de res', '', 10, 2, 3.5, '1', 'Paquete', 1, 1, '2018-05-08 16:44:10', 1),
(2, NULL, '0002', 'Zanahoria', '', 10, 0.25, 0.75, '1', 'Unidad', 1, 2, '2018-05-08 17:29:48', 1),
(3, NULL, '0003', 'Papa', '', 10, 0.6, 0.75, 'Libra', '', 1, 2, '2018-05-10 11:42:03', 1),
(4, NULL, '0004', 'Papita', '', 10, 0.25, 0, '1', '', 1, 2, '2018-05-11 14:26:53', 1);

-- --------------------------------------------------------

--
-- Estructura de tabla para la tabla `sell`
--

CREATE TABLE `sell` (
  `id` int(11) NOT NULL,
  `person_id` int(11) DEFAULT NULL,
  `user_id` int(11) DEFAULT NULL,
  `operation_type_id` int(11) DEFAULT '2',
  `box_id` int(11) DEFAULT NULL,
  `total` double DEFAULT NULL,
  `cash` double DEFAULT NULL,
  `discount` double DEFAULT NULL,
  `created_at` datetime DEFAULT NULL
) ENGINE=MyISAM DEFAULT CHARSET=latin1;

--
-- Volcado de datos para la tabla `sell`
--

INSERT INTO `sell` (`id`, `person_id`, `user_id`, `operation_type_id`, `box_id`, `total`, `cash`, `discount`, `created_at`) VALUES
(1, 2, 1, 2, 1, 3.5, NULL, 0, '2018-05-08 17:01:49'),
(2, 1, 1, 2, 1, 7, NULL, 0, '2018-05-08 17:17:51'),
(3, 2, 1, 2, 1, 1.5, NULL, 0, '2018-05-08 17:30:05'),
(4, NULL, 1, 1, NULL, NULL, NULL, NULL, '2018-05-09 19:55:24'),
(5, 2, 1, 2, NULL, 7, NULL, 2, '2018-05-11 14:23:58');

-- --------------------------------------------------------

--
-- Estructura de tabla para la tabla `user`
--

CREATE TABLE `user` (
  `id` int(11) NOT NULL,
  `name` varchar(50) DEFAULT NULL,
  `lastname` varchar(50) DEFAULT NULL,
  `username` varchar(50) DEFAULT NULL,
  `email` varchar(255) DEFAULT NULL,
  `password` varchar(60) DEFAULT NULL,
  `image` varchar(255) DEFAULT NULL,
  `is_active` tinyint(1) NOT NULL DEFAULT '1',
  `is_admin` tinyint(1) NOT NULL DEFAULT '0',
  `created_at` datetime DEFAULT NULL
) ENGINE=MyISAM DEFAULT CHARSET=latin1;

--
-- Volcado de datos para la tabla `user`
--

INSERT INTO `user` (`id`, `name`, `lastname`, `username`, `email`, `password`, `image`, `is_active`, `is_admin`, `created_at`) VALUES
(1, 'William', 'Mejia', 'JoWin', 'jowin.flores@gmail.com', '346976d9b5545efc0d551d041b81705b2361ce10', NULL, 1, 1, '2018-03-30 15:19:13');

--
-- Índices para tablas volcadas
--

--
-- Indices de la tabla `box`
--
ALTER TABLE `box`
  ADD PRIMARY KEY (`id`);

--
-- Indices de la tabla `category`
--
ALTER TABLE `category`
  ADD PRIMARY KEY (`id`);

--
-- Indices de la tabla `configuration`
--
ALTER TABLE `configuration`
  ADD PRIMARY KEY (`id`),
  ADD UNIQUE KEY `short` (`short`),
  ADD UNIQUE KEY `name` (`name`);

--
-- Indices de la tabla `operation`
--
ALTER TABLE `operation`
  ADD PRIMARY KEY (`id`),
  ADD KEY `product_id` (`product_id`),
  ADD KEY `operation_type_id` (`operation_type_id`),
  ADD KEY `sell_id` (`sell_id`);

--
-- Indices de la tabla `operation_type`
--
ALTER TABLE `operation_type`
  ADD PRIMARY KEY (`id`);

--
-- Indices de la tabla `person`
--
ALTER TABLE `person`
  ADD PRIMARY KEY (`id`);

--
-- Indices de la tabla `product`
--
ALTER TABLE `product`
  ADD PRIMARY KEY (`id`),
  ADD KEY `category_id` (`category_id`),
  ADD KEY `user_id` (`user_id`);

--
-- Indices de la tabla `sell`
--
ALTER TABLE `sell`
  ADD PRIMARY KEY (`id`),
  ADD KEY `box_id` (`box_id`),
  ADD KEY `operation_type_id` (`operation_type_id`),
  ADD KEY `user_id` (`user_id`),
  ADD KEY `person_id` (`person_id`);

--
-- Indices de la tabla `user`
--
ALTER TABLE `user`
  ADD PRIMARY KEY (`id`);

--
-- AUTO_INCREMENT de las tablas volcadas
--

--
-- AUTO_INCREMENT de la tabla `box`
--
ALTER TABLE `box`
  MODIFY `id` int(11) NOT NULL AUTO_INCREMENT, AUTO_INCREMENT=2;
--
-- AUTO_INCREMENT de la tabla `category`
--
ALTER TABLE `category`
  MODIFY `id` int(11) NOT NULL AUTO_INCREMENT, AUTO_INCREMENT=3;
--
-- AUTO_INCREMENT de la tabla `configuration`
--
ALTER TABLE `configuration`
  MODIFY `id` int(11) NOT NULL AUTO_INCREMENT, AUTO_INCREMENT=9;
--
-- AUTO_INCREMENT de la tabla `operation`
--
ALTER TABLE `operation`
  MODIFY `id` int(11) NOT NULL AUTO_INCREMENT, AUTO_INCREMENT=10;
--
-- AUTO_INCREMENT de la tabla `operation_type`
--
ALTER TABLE `operation_type`
  MODIFY `id` int(11) NOT NULL AUTO_INCREMENT, AUTO_INCREMENT=3;
--
-- AUTO_INCREMENT de la tabla `person`
--
ALTER TABLE `person`
  MODIFY `id` int(11) NOT NULL AUTO_INCREMENT, AUTO_INCREMENT=3;
--
-- AUTO_INCREMENT de la tabla `product`
--
ALTER TABLE `product`
  MODIFY `id` int(11) NOT NULL AUTO_INCREMENT, AUTO_INCREMENT=5;
--
-- AUTO_INCREMENT de la tabla `sell`
--
ALTER TABLE `sell`
  MODIFY `id` int(11) NOT NULL AUTO_INCREMENT, AUTO_INCREMENT=6;
--
-- AUTO_INCREMENT de la tabla `user`
--
ALTER TABLE `user`
  MODIFY `id` int(11) NOT NULL AUTO_INCREMENT, AUTO_INCREMENT=2;
/*!40101 SET CHARACTER_SET_CLIENT=@OLD_CHARACTER_SET_CLIENT */;
/*!40101 SET CHARACTER_SET_RESULTS=@OLD_CHARACTER_SET_RESULTS */;
/*!40101 SET COLLATION_CONNECTION=@OLD_COLLATION_CONNECTION */;
